ID,Line,del652g,t3336c,c3256t,c5178a,g12315a,g15059a,a1555g,g13513a,g14459a,g14846a,natLDL,athLDL,base_cons,Succinate,Succ_base,Oligomycin,Oligo_succ,FCCP,FCCP_oligo,KCN,KCN_FCCP,base_v,oligo_v,oligo_base_v,FCCP_v,FCCP_oligo_v
THP-1,Native THP-1,0,6,10,17,21,1,15,12,0,29,127,226,4.80,5.60,1.17,2.20,0.39,10.20,4.64,0.50,0.05,18.00,6.00,0.33,20.00,3.33
Rho0,TY520,#NULL!,#NULL!,#NULL!,#NULL!,#NULL!,#NULL!,#NULL!,#NULL!,#NULL!,#NULL!,#NULL!,#NULL!,2.90,3.20,1.10,3.50,1.09,3.60,1.03,3.20,0.89,3.00,2.00,0.67,3.00,1.50
CH-06,TCI521,0,9,0,0,5,0,24,37,0,55,80,41,6.40,7.70,1.20,3.90,0.51,19.70,5.05,2.00,0.10,16.00,7.00,0.44,27.00,3.86
CH-08,LSM2,44,8,8,0,14,0,5,33,61,6,108,116,9.90,10.80,1.09,6.80,0.63,21.60,3.18,3.50,0.16,11.00,5.00,0.45,8.00,1.60
CH-09,TCN521,0,15,0,0,6,0,28,27,0,51,100,107,3.40,3.20,0.94,2.00,0.63,5.70,2.85,1.10,0.19,13.00,7.00,0.54,19.00,2.71
CH-10,TCP521,0,15,0,0,5,0,26,20,0,40,94,74,10.10,11.90,1.18,8.00,0.67,20.70,2.59,5.00,0.24,19.00,9.00,0.47,30.00,3.33
CH-02,HSM2,22,7,12,4,19,17,13,16,7,7,95,123,4.80,5.00,1.04,3.20,0.64,10.10,3.16,0.70,0.07,19.00,7.00,0.37,22.00,3.14
CH-04,HSMAM2,0,7,17,17,25,26,0,52,7,25,101,106,3.00,4.50,1.50,3.30,0.73,7.10,2.15,1.70,0.24,22.00,12.00,0.55,30.00,2.50
CH-07,LSM1,14,5,15,0,0,4,17,19,0,12,122,122,2.80,3.50,1.25,2.50,0.71,5.20,2.08,0.70,0.13,17.00,8.00,0.47,20.00,2.50
CH-12,LSM3,12,5,16,6,20,0,11,24,0,16,103,215,4.90,5.60,1.14,3.30,0.59,11.40,3.45,1.00,0.09,17.00,9.00,0.53,18.00,2.00
CH-01,HSM1,26,0,50,9,44,4,0,24,0,32,114,110,6.00,7.70,1.28,5.00,0.65,11.20,2.24,1.50,0.13,21.00,12.00,0.57,25.00,2.08
CH-03,HSMAM1,23,4,38,14,23,38,0,68,0,0,131,299,5.20,5.50,1.06,3.80,0.69,12.00,3.16,1.30,0.11,18.00,8.00,0.44,12.00,1.50
CH-05,HSMAM3,19,14,29,0,32,18,0,24,5,36,76,109,5.90,6.20,1.05,3.40,0.55,14.00,4.12,1.30,0.09,15.00,10.00,0.67,23.00,2.30
CH-11,TC520,0,37,25,22,1,0,16,10,0,17,115,150,6.60,7.10,1.08,3.30,0.46,16.00,4.85,1.60,0.10,14.00,7.00,0.50,20.00,2.86